Bo Du Lieu,time,Co Sac,Khong Sac
No.0,1.912276029586792,35619.73059600279,9045.0195950851
