Bo Du Lieu,time,Co Sac,Khong Sac
No.5,1.6596689224243164,30609.938579507518,9045.0195950851
No.6,11.241705894470215,187357.450907998,9045.0195950851
