Bo Du Lieu,time,Co Sac,Khong Sac
No.0,1.04111909866333,24501.231098918546,6592.105263157894
