Bo Du Lieu,Co Sac,Khong Sac
No.0,6592.105263157894,6592.105263157894
