Bo Du Lieu,Co Sac,Khong Sac
No.0,24366.818754879456,6592.105263157894
