Bo Du Lieu,Co Sac,Khong Sac
No.1,2679.1443850267374,2679.144385026738
