Bo Du Lieu,Co Sac,Khong Sac
No.17,1248557.306307906,10659.574468085106
