Lan Chay,Time,Co Sac,Khong Sac
No.0,1.1027729511260986,0.9824835902047403,2754.8209366391184
Average,0.11027729511260986,0.09824835902047403,2754.8209366391184
