Lan Chay,Time,Co Sac,Khong Sac
No.0,1.761993169784546,0.9211469150674984,2192.982456140351
Average,0.1761993169784546,0.09211469150674984,2192.982456140351
