Lan Chay,Time,Co Sac,Khong Sac
No.0,1.1849181652069092,0.9897253925337963,1801.801801801802
Average,0.11849181652069092,0.09897253925337963,1801.801801801802
