Lan Chay,Time,Co Sac,Khong Sac
No.0,26.93963313102722,6743.344319841909,5347.5935828877
Average,2.693963313102722,674.3344319841909,5347.5935828877
