Lan Chay,Time,Co Sac,Khong Sac
No.0,354.38540506362915,41848.869012059055,6592.105263157894
Average,35.43854050636291,4184.886901205906,6592.105263157894
