Lan Chay,Time,Co Sac,Khong Sac
No.0,26.72000288963318,3070.4228953297934,2754.8209366391184
Average,2.672000288963318,307.04228953297934,2754.8209366391184
