Lan Chay,Time,Co Sac,Khong Sac
No.0,68.16131019592285,0.1772598211525501,9045.0195950851
No.1,69.50099587440491,0.17726966937904268,9045.0195950851
No.2,69.19459700584412,0.1772542649338864,9045.0195950851
No.3,67.7065360546112,0.1772629133307669,9045.0195950851
No.4,68.09552192687988,0.17726646576772423,9045.0195950851
Average,34.265896105766295,0.08863131345639703,9045.0195950851
