Bo Du Lieu,time,Co Sac,Khong Sac
No.0,0.02532505989074707,6592.105263157894,6592.105263157894
